<?xml version="1.0" encoding="UTF-8"?>
<beans xmlns="http://www.springframework.org/schema/beans"
	xmlns:xsi="http://www.w3.org/2001/XMLSchema-instance"
	xsi:schemaLocation="http://www.springframework.org/schema/beans http://www.springframework.org/schema/beans/spring-beans-4.2.xsd">

	<bean id="loadOpenedRAfromSingleToIntegration"
		class="br.com.nextel.workflowintegrator.job.tasklet.ProcedureTasklet"
		scope="step">
		<property name="dataSource" ref="sngDataSource" />
		<property value="SNG.KSNG_INTEGRATION_ZENDESK.PSNG_LOAD_OPENED_RA"
			name="procedureName" />
		<property value="#{stepExecution.jobExecutionId}" name="contextId" />
	</bean>

	<bean id="readOpenedRAIntegrationTable"
		class="org.springframework.batch.item.database.JdbcCursorItemReader"
		scope="step">
		<property name="dataSource" ref="sngDataSource" />
		<property name="sql">
			<value>
		         <![CDATA[
 				SELECT ID_ATTENDANCE
 					  ,SQ_ATTENDANCE_REGISTER
 					  ,TX_DOMAIN_ZENDESK
				  FROM SBCUSR.VSBCUSR_SINGLE_OPEN_RA_INT
				 WHERE CD_ENV_CONFIG_INTEGRATION = '${workflow.integrator.environment}' 
				   AND QA_RETRY_INTEGRATION <= QA_RETRY_INTEGRATION_LIMIT
		         ]]>
			</value>
		</property>
		<property name="rowMapper">
			<bean
				class="br.com.nextel.workflowintegrator.job.mapper.AttendanceRegisterIntegrationZendeskRowMapper" />
		</property>
	</bean>
	
	<bean class="br.com.nextel.workflowintegrator.job.processor.SendOpenedRAToZendeskProcessor" id="sendOpenedRAToZendesk">
		<property name="uriCreateUpdateUser" value="${uri.zendesk.create.update.single.user}" />
		<property name="uriOpenTicket" value="${uri.zendesk.open.single.ticket}" />
		<property name="uriSufixMediaType" value="${uri.zendesk.sufix.media.type}" />
	</bean>

	<bean id="responseZendeskCompositeItemWriterJob"
		class="org.springframework.batch.item.support.CompositeItemWriter">
		<property name="delegates">
			<list>
				<ref bean="registerOpenedRAReponseOfZendeskOnSingle" />
				<ref bean="registerTicketReponseOfZendeskOnSingle" />
			</list>
		</property>
	</bean>
	
	<bean id="registerTicketReponseOfZendeskOnSingle"
		class="org.springframework.batch.item.database.JdbcBatchItemWriter"
		scope="step">
		<property name="dataSource" ref="sngDataSource" />
		<property name="sql">
			<value>
			         <![CDATA[
					UPDATE SNG.TSNG_ATT_REGISTER_INT_ZENDESK
					   SET CD_TICKET_ZENDESK = :cdTicket
					      ,DE_RESPONSE_INTEGRATION = :deResponseIntegration
					      ,QA_RETRY_INTEGRATION = QA_RETRY_INTEGRATION + 1
					      ,ST_INTEGRATION = :stIntegration
					      ,ID_JOB_EXECUTION = #{stepExecution.jobExecutionId}
					      ,NM_LAST_USER_MODIFICATION = '${user.modification}'
					      ,DT_LAST_USER_MODIFICATION = SYSDATE
					 WHERE ID_ATTENDANCE = :idAttendance
					   AND SQ_ATTENDANCE_REGISTER = :sqAttendanceRegister
			         ]]>
			</value>
		</property>
		<property name="itemSqlParameterSourceProvider">
			<bean
				class="org.springframework.batch.item.database.BeanPropertyItemSqlParameterSourceProvider" />
		</property>
	</bean>
	
	<bean id="registerOpenedRAReponseOfZendeskOnSingle"
		class="org.springframework.batch.item.database.JdbcBatchItemWriter"
		scope="step">
		<property name="dataSource" ref="sngDataSource" />
		<property name="sql">
			<value>
			         <![CDATA[
					UPDATE SNG.TSNG_ATTENDANCE_REGISTER
					   SET CD_TICKET = :cdTicket
					 WHERE ID_ATTENDANCE = :idAttendance
					   AND SQ_ATTENDANCE_REGISTER = :sqAttendanceRegister				
			         ]]>
			</value>
		</property>
		<property name="itemSqlParameterSourceProvider">
			<bean
				class="org.springframework.batch.item.database.BeanPropertyItemSqlParameterSourceProvider" />
		</property>
	</bean>	
	
	
	<bean id="loadClosedRAfromSingleToIntegration"
		class="br.com.nextel.workflowintegrator.job.tasklet.ProcedureTasklet"
		scope="step">
		<property name="dataSource" ref="sngDataSource" />
		<property value="SNG.KSNG_INTEGRATION_ZENDESK.PSNG_LOAD_CLOSED_RA"
			name="procedureName" />
		<property value="#{stepExecution.jobExecutionId}" name="contextId" />
	</bean>


	<bean id="readClosedRAIntegrationTable"
		class="org.springframework.batch.item.database.JdbcCursorItemReader"
		scope="step">
		<property name="dataSource" ref="sngDataSource" />
		<property name="sql">
			<value>
		         <![CDATA[
 				SELECT ID_ATTENDANCE
 					  ,SQ_ATTENDANCE_REGISTER
				  FROM SBCUSR.VSBCUSR_SINGLE_CLOSE_RA_INT
		         ]]>
			</value>
		</property>
		<property name="rowMapper">
			<bean
				class="br.com.nextel.workflowintegrator.job.mapper.AttendanceRegisterIntegrationZendeskRowMapper" />
		</property>
	</bean>
	
	<bean class="br.com.nextel.workflowintegrator.job.processor.SendClosedRAToZendeskProcessor" id="sendClosedRAToZendesk">
		<property name="uriCloseTicket" value="${uri.zendesk.close.single.ticket}" />
	</bean>

</beans>
