<?xml version="1.0" encoding="UTF-8"?>
<!DOCTYPE log4j:configuration PUBLIC "-//APACHE//DTD LOG4J 1.2//EN" "log4j.dtd">
<log4j:configuration xmlns:log4j="http://jakarta.apache.org/log4j/">

	<!-- Appenders -->
	<appender name="console" class="org.apache.log4j.ConsoleAppender">
		<param name="Target" value="System.out" />
		<layout class="org.apache.log4j.PatternLayout">
			<param name="ConversionPattern" value="%d{yyyy-MM-dd HH:mm:ss} %-5p %c{1}:%L - %m%n" />
		</layout>
	</appender>
	
	<appender name="file" class="org.apache.log4j.RollingFileAppender">
	    <param name="append" value="false" />
	    <param name="maxFileSize" value="10MB" />
	    <param name="maxBackupIndex" value="10" />
	    <param name="file" value="/var/log/architeture/spring-batch.log" />
	    <layout class="org.apache.log4j.PatternLayout">
		<param name="ConversionPattern" 
			value="%d{yyyy-MM-dd HH:mm:ss,SSS ZZZ} %p %C %L %M %m%n" />
	    </layout>
	</appender>	

	<!-- Root Logger -->
	<root>
		<priority value="info" />
		<appender-ref ref="console" />
		<appender-ref ref="file" />
	</root>
	
</log4j:configuration>
